Provincia,Comune
Agrigento,Acquaviva Platani
Agrigento,Alessandria della Rocca
Agrigento,Aragona
Agrigento,Bivona
Agrigento,Burgio
Agrigento,Calamonaci
Agrigento,Caltabellotta
Agrigento,Camastra
Agrigento,Cammarata
Agrigento,Campobello di Licata
Agrigento,Canicattì
Agrigento,Casteltermini
Agrigento,Castrofilippo
Agrigento,Cattolica Eraclea
Agrigento,Cianciana
Agrigento,Comitini
Agrigento,Favara
Agrigento,Grotte
Agrigento,Joppolo Giancaxio
Agrigento,Lampadusa e Linosa
Agrigento,Licata
Agrigento,Lucca Sicula
Agrigento,Menfi
Agrigento,Montallegro
Agrigento,Montevago
Agrigento,Naro
Agrigento,Palma di Montechiaro
Agrigento,Porto Empedocle
Agrigento,Racalmuto
Agrigento,Raffadali
Agrigento,Ravanusa
Agrigento,Realmonte
Agrigento,Ribera
Agrigento,Sambuca di Sicilia
Agrigento,San Biagio Platani
Agrigento,San Giovanni Gemini
Agrigento,Sant'Angelo Muxaro
Agrigento,Santa Elisabetta
Agrigento,Santa Margherita di Belice
Agrigento,Santo Stefano Quisquina
Agrigento,Sciacca
Agrigento,Siculiana
Agrigento,Villafranca Sicula
Caltanissetta,Acquaviva Platani
Caltanissetta,Bompensiere
Caltanissetta,Butera
Caltanissetta,Caltanissetta
Caltanissetta,Campofranco
Caltanissetta,Delia
Caltanissetta,Gela
Caltanissetta,Marianopoli
Caltanissetta,Mazzarino
Caltanissetta,Milena
Caltanissetta,Montedoro
Caltanissetta,Mussomeli
Caltanissetta,Niscemi
Caltanissetta,Resuttano
Caltanissetta,Riesi
Caltanissetta,San Cataldo
Caltanissetta,Santa Caterina Villarmosa
Caltanissetta,Serradifalco
Catania,Aci Bonaccorsi
Catania,Aci Castello
Catania,Aci Catena
Catania,Aci Sant'Antonio
Catania,Acireale
Catania,Adrano
Catania,Belpasso
Catania,Biancavilla
Catania,Bronte
Catania,Caltagirone
Catania,Camporotondo Etneo
Catania,Castel di Iudica
Catania,Castiglione di Sicilia
Catania,Catania
Catania,Fiumefreddo di Sicilia
Catania,Giarre
Catania,Grammichele
Catania,Gravina di Catania
Catania,Licodia Eubea
Catania,Linguaglossa
Catania,Maletto
Catania,Maniace
Catania,Mascali
Catania,Mascalucia
Catania,Mazzarrone
Catania,Militello in Val di Catania
Catania,Mineo
Catania,Mirabella Imbaccari
Catania,Misterbianco
Catania,Motta Sant'Anastasia
Catania,Nicolosi
Catania,Palagonia
Catania,Paternò
Catania,Pedara
Catania,Piedimonte Etneo
Catania,Raddusa
Catania,Ramacca
Catania,Randazzo
Catania,San Cono
Catania,San Giovanni la Punta
Catania,San Gregorio di Catania
Catania,San Michele di Ganzaria
Catania,San Pietro Clarenza
Catania,Sant'Agata li Battiati
Catania,Sant'Alfio
Catania,Santa Maria di Licodia
Catania,Santa Venerina
Catania,Scordia
Catania,Trecastagni
Catania,Tremestieri Etneo
Catania,Valverde
Catania,Viagrande
Catania,Vizzini
Catania,Zafferana Etnea
Enna,Agira
Enna,Aidone
Enna,Assoro
Enna,Barrafranca
Enna,Calascibetta
Enna,Centuripe
Enna,Cerami
Enna,Enna
Enna,Gagliano Castelferrato
Enna,Leonforte
Enna,Nissoria
Enna,Piazza Armerina
Enna,Pietraperzia
Enna,Regalbuto
Enna,Sperlinga
Enna,Troina
Vimercate,Vimercate
Messina,Acquedolci
Messina,Alcara Li Fusi
Messina,Antillo
Messina,Barcellona Pozzo di Gotto
Messina,Basicò
Messina,Brolo
Messina,Capizzi
Messina,Capo d'Orlando
Messina,Caronia
Messina,Casalvecchio Siculo
Messina,Castel di Lucio
Messina,Castelmola
Messina,Castroreale
Messina,Condrò
Messina,Falcone
Messina,Ficarra
Messina,Fiumedinisi
Messina,Floresta
Messina,Fondachelli-Fantina
Messina,Forza d'Agrò
Messina,Francavilla di Sicilia
Messina,Frazzanò
Messina,Furci Siculo
Messina,Furnari
Messina,Gaggi
Messina,Galati Mamertino
Messina,Gallodoro
Messina,Giardini Naxos
Messina,Gioiosa Marea
Messina,Graniti
Messina,Gualtieri Sicaminò
Messina,Itala
Messina,Leni
Messina,Letojanni
Messina,Librizzi
Messina,Limina
Messina,Lipari
Messina,Longi
Messina,Malfa
Messina,Malvagna
Messina,Mandanici
Messina,Mazzarrà Sant'Andrea
Messina,Merì
Messina,Messina
Messina,Milazzo
Messina,Militello Rosmarino
Messina,Mirto
Messina,Mistretta
Messina,Mojo Alcantara
Messina,Monforte San Giorgio
Messina,Mongiuffi Melia
Messina,Montagnareale
Messina,Motta Camastra
Messina,Motta d'Affermo
Messina,Naso
Messina,Novara di Sicilia
Messina,Oliveri
Messina,Pace del Mela
Messina,Pagliara
Messina,Patti
Messina,Raccuja
Messina,Reitano
Messina,Roccafiorita
Messina,Roccalumera
Messina,Roccavaldina
Messina,Rodì Milici
Messina,Rometta
Messina,San Filippo del Mela
Messina,San Fratello
Messina,San Marco d'Alunzio
Messina,San Pier Niceto
Messina,San Piero Patti
Messina,San Salvatore di Fitalia
Messina,San Teodoro
Messina,Santa Domenica Vittoria
Messina,Santa Lucia del Mela
Messina,Santa Marina Salina
Messina,Sant'Agata di Militello
Messina,Sant'Alessio Siculo
Messina,Sant'Angelo di Brolo
Messina,Santo Stefano di Camastra
Messina,Saponara
Messina,Savoca
Messina,Scaletta Zanclea
Messina,Sinagra
Messina,Spadafora
Messina,Taormina
Messina,Terme Vigliatore
Messina,Torregrotta
Messina,Tortorici
Messina,Tripi
Messina,Tusa
Messina,Ucria
Messina,Valdina
Messina,Venetico
Messina,Villafranca Tirrena
Palermo,Alia
Palermo,Alimena
Palermo,Aliminusa
Palermo,Altofonte
Palermo,Bagheria
Palermo,Balestrate
Palermo,Baucina
Palermo,Belmonte Mezzagno
Palermo,Bisacquino
Palermo,Blufi
Palermo,Bolognetta
Palermo,Bompietro
Palermo,Borgetto
Palermo,Caccamo
Palermo,Caltavuturo
Palermo,Campofelice di Fitalia
Palermo,Campofelice di Roccella
Palermo,Camporeale
Palermo,Capaci
Palermo,Carini
Palermo,Castelbuono
Palermo,Casteldaccia
Palermo,Castellana Sicula
Palermo,Castronovo di Sicilia
Palermo,Cefalà Diana
Palermo,Cefalù
Palermo,Cerda
Palermo,Chiusa Sclafani
Palermo,Ciminna
Palermo,Cinisi
Palermo,Collesano
Palermo,Contessa Entellina
Palermo,Corleone
Palermo,Ficarazzi
Palermo,Gangi
Palermo,Geraci Siculo
Palermo,Giardinello
Palermo,Giuliana
Palermo,Godrano
Palermo,Gratteri
Palermo,Isnello
Palermo,Lascari
Palermo,Lercara Friddi
Palermo,Marineo
Palermo,Mezzojuso
Palermo,Misilmeri
Palermo,Monreale
Palermo,Montelepre
Palermo,Montemaggiore Belsito
Palermo,Palazzo Adriano
Palermo,Palermo
Palermo,Partinico
Palermo,Petralia Soprana
Palermo,Petralia Sottana
Palermo,Polizzi Generosa
Palermo,Pollina
Palermo,Prizzi
Palermo,Roccapalumba
Palermo,San Cipirello
Palermo,San Mauro Castelverde
Palermo,Santa Cristina Gela
Palermo,Santa Flavia
Palermo,Sciara
Palermo,Scillato
Palermo,Sclafani Bagni
Palermo,Termini Imerese
Palermo,Terrasini
Palermo,Trabia
Palermo,Trappeto
Palermo,Ustica
Palermo,Valledolmo
Palermo,Ventimiglia di Sicilia
Palermo,Vicari
Palermo,Villabate
Palermo,Villafrati
Ragusa,Acate
Rag
